{
  "EURUSD": {
    "ts": 1757424390.6334097,
    "score": 60.0,
    "class": "MODERATE"
  },
  "XAUUSD": {
    "ts": 1757424390.6334097,
    "score": 60.0,
    "class": "MODERATE"
  }
}